3149,Name-of-3149,Phone-of-3149
3205,Name-of-3205,Phone-of-3205
8125,Name-of-8125,Phone-of-8125
9708,Name-of-9708,Phone-of-9708
7179,Name-of-7179,Phone-of-7179
8834,Name-of-8834,Phone-of-8834
7499,Name-of-7499,Phone-of-7499
2749,Name-of-2749,Phone-of-2749
3544,Name-of-3544,Phone-of-3544
6820,Name-of-6820,Phone-of-6820
5990,Name-of-5990,Phone-of-5990
7228,Name-of-7228,Phone-of-7228
8608,Name-of-8608,Phone-of-8608
4274,Name-of-4274,Phone-of-4274
1694,Name-of-1694,Phone-of-1694
7194,Name-of-7194,Phone-of-7194
8087,Name-of-8087,Phone-of-8087
1684,Name-of-1684,Phone-of-1684
5650,Name-of-5650,Phone-of-5650
9717,Name-of-9717,Phone-of-9717
3146,Name-of-3146,Phone-of-3146
8868,Name-of-8868,Phone-of-8868
6247,Name-of-6247,Phone-of-6247
2525,Name-of-2525,Phone-of-2525
2725,Name-of-2725,Phone-of-2725
6460,Name-of-6460,Phone-of-6460
8243,Name-of-8243,Phone-of-8243
5839,Name-of-5839,Phone-of-5839
1968,Name-of-1968,Phone-of-1968
2851,Name-of-2851,Phone-of-2851
7400,Name-of-7400,Phone-of-7400
4178,Name-of-4178,Phone-of-4178
4576,Name-of-4576,Phone-of-4576
1708,Name-of-1708,Phone-of-1708
4435,Name-of-4435,Phone-of-4435
2745,Name-of-2745,Phone-of-2745
7145,Name-of-7145,Phone-of-7145
4285,Name-of-4285,Phone-of-4285
5701,Name-of-5701,Phone-of-5701
5623,Name-of-5623,Phone-of-5623
7504,Name-of-7504,Phone-of-7504
5543,Name-of-5543,Phone-of-5543
1756,Name-of-1756,Phone-of-1756
7481,Name-of-7481,Phone-of-7481
7558,Name-of-7558,Phone-of-7558
5281,Name-of-5281,Phone-of-5281
6868,Name-of-6868,Phone-of-6868
2908,Name-of-2908,Phone-of-2908
2049,Name-of-2049,Phone-of-2049
5218,Name-of-5218,Phone-of-5218
7004,Name-of-7004,Phone-of-7004
5593,Name-of-5593,Phone-of-5593
1498,Name-of-1498,Phone-of-1498
9544,Name-of-9544,Phone-of-9544
7726,Name-of-7726,Phone-of-7726
6702,Name-of-6702,Phone-of-6702
1092,Name-of-1092,Phone-of-1092
1278,Name-of-1278,Phone-of-1278
3006,Name-of-3006,Phone-of-3006
5714,Name-of-5714,Phone-of-5714
5153,Name-of-5153,Phone-of-5153
4663,Name-of-4663,Phone-of-4663
1433,Name-of-1433,Phone-of-1433
6337,Name-of-6337,Phone-of-6337
4967,Name-of-4967,Phone-of-4967
3292,Name-of-3292,Phone-of-3292
4832,Name-of-4832,Phone-of-4832
3765,Name-of-3765,Phone-of-3765
8495,Name-of-8495,Phone-of-8495
7064,Name-of-7064,Phone-of-7064
6044,Name-of-6044,Phone-of-6044
3602,Name-of-3602,Phone-of-3602
1393,Name-of-1393,Phone-of-1393
1896,Name-of-1896,Phone-of-1896
3877,Name-of-3877,Phone-of-3877
6130,Name-of-6130,Phone-of-6130
8977,Name-of-8977,Phone-of-8977
7337,Name-of-7337,Phone-of-7337
4602,Name-of-4602,Phone-of-4602
2415,Name-of-2415,Phone-of-2415
3726,Name-of-3726,Phone-of-3726
1251,Name-of-1251,Phone-of-1251
2922,Name-of-2922,Phone-of-2922
3950,Name-of-3950,Phone-of-3950
9814,Name-of-9814,Phone-of-9814
5354,Name-of-5354,Phone-of-5354
5062,Name-of-5062,Phone-of-5062
1237,Name-of-1237,Phone-of-1237
7845,Name-of-7845,Phone-of-7845
7651,Name-of-7651,Phone-of-7651
3754,Name-of-3754,Phone-of-3754
6159,Name-of-6159,Phone-of-6159
5853,Name-of-5853,Phone-of-5853
1791,Name-of-1791,Phone-of-1791
7775,Name-of-7775,Phone-of-7775
4750,Name-of-4750,Phone-of-4750
1586,Name-of-1586,Phone-of-1586
8594,Name-of-8594,Phone-of-8594
4331,Name-of-4331,Phone-of-4331
4101,Name-of-4101,Phone-of-4101
